INSERT INTO TERCEIROS (NUCPFCNPJ,NOME,TIPO) VALUES ('01234567891','BRUNO MARS','PESSOA FISICA');
INSERT INTO TERCEIROS (NUCPFCNPJ,NOME,TIPO) VALUES ('01234567892','FRANCISCO REIS NOGUEIRA','PESSOA FISICA');
INSERT INTO TERCEIROS (NUCPFCNPJ,NOME,TIPO) VALUES ('01234567893','JASON DERULO','PESSOA FISICA');
INSERT INTO TERCEIROS (NUCPFCNPJ,NOME,TIPO) VALUES ('01234567894','MELANIE MARTINEZ','PESSOA FISICA');
INSERT INTO TERCEIROS (NUCPFCNPJ,NOME,TIPO) VALUES ('01234567895','ELAINE PARROS','PESSOA FISICA');
INSERT INTO TERCEIROS (NUCPFCNPJ,NOME,TIPO) VALUES ('01234567896','ANDRE SOUZA','PESSOA FISICA');
INSERT INTO TERCEIROS (NUCPFCNPJ,NOME,TIPO) VALUES ('01234567891234','VISAGIO','ONG');
INSERT INTO TERCEIROS (NUCPFCNPJ,NOME,TIPO) VALUES ('01234567891235','CONVI','ONG');
INSERT INTO TERCEIROS (NUCPFCNPJ,NOME,TIPO) VALUES ('01234567891236','BTG PACTUAL','EMPRESA PARCEIRA');
INSERT INTO TERCEIROS (NUCPFCNPJ,NOME,TIPO) VALUES ('01234567891237','QI TECH','EMPRESA PARCEIRA');


INSERT INTO PESSOA_FISICA(CPF) VALUES ('01234567891');
INSERT INTO PESSOA_FISICA(CPF) VALUES ('01234567892');
INSERT INTO PESSOA_FISICA(CPF) VALUES ('01234567893');
INSERT INTO PESSOA_FISICA(CPF) VALUES ('01234567894');
INSERT INTO PESSOA_FISICA(CPF) VALUES ('01234567895');
INSERT INTO PESSOA_FISICA(CPF) VALUES ('01234567896');


INSERT INTO DOADOR(CPF) VALUES ('01234567891');
INSERT INTO DOADOR(CPF) VALUES ('01234567892');


INSERT INTO TIPO_PESSOA_FISICA(CPF,TIPOPF) VALUES ('01234567891','DOADOR');
INSERT INTO TIPO_PESSOA_FISICA(CPF,TIPOPF) VALUES ('01234567892','DOADOR');
INSERT INTO TIPO_PESSOA_FISICA(CPF,TIPOPF) VALUES ('01234567893','FUNCIONARIO');
INSERT INTO TIPO_PESSOA_FISICA(CPF,TIPOPF) VALUES ('01234567894','FUNCIONARIO');
INSERT INTO TIPO_PESSOA_FISICA(CPF,TIPOPF) VALUES ('01234567895','FUNCIONARIO');
INSERT INTO TIPO_PESSOA_FISICA(CPF,TIPOPF) VALUES ('01234567896','FUNCIONARIO');


INSERT INTO FUNCIONARIO(CPF) VALUES ('01234567893');
INSERT INTO FUNCIONARIO(CPF) VALUES ('01234567894');


INSERT INTO CENTRO(CNPJ,CAIXA,NOME, LOCAL,PRESIDENTE) 
    VALUES ('01234567891238',12345.67,'LUZ DOS BIXOS','RUA JACINTO FAVORETO 386, SAO CARLOS-SP','01234567893');
INSERT INTO CENTRO(CNPJ,CAIXA,NOME,LOCAL,PRESIDENTE) 
    VALUES ('01234567891239',23456.78,'AGUIAS DO ORIENTE','AV TRABALHADOR SAO CARLENSE 400, SAO CARLOS-SP','01234567894');

UPDATE FUNCIONARIO 
SET CENTRO = '01234567891238'
WHERE CPF = '01234567893';

UPDATE FUNCIONARIO 
SET CENTRO= '01234567891239'
WHERE CPF = '01234567894';

INSERT INTO FUNCIONARIO(CPF,CENTRO) VALUES ('01234567895','01234567891238');
INSERT INTO FUNCIONARIO(CPF,CENTRO) VALUES ('01234567896','01234567891239');

INSERT INTO DOACAO(NOTA_FISCAL,CENTRO,TERCEIRO,FINALIDADE,VALOR,TIPO_PRODUTO) 
    VALUES('000111222','01234567891238','01234567891234','AUXILIAR DEPENDENTES QUIMICOS',10000.00,'MONETARIO');
    
INSERT INTO DOACAO(NOTA_FISCAL,CENTRO,TERCEIRO,FINALIDADE,VALOR,TIPO_PRODUTO) 
    VALUES('000111223','01234567891239','01234567891237','10KG DE FEIJAO PARA ALIMENTAR MORADORES DE RUA',NULL,'PRODUTO');


INSERT INTO EVENTOS(DATA, LOCAL, NOME, CENTRO) VALUES ('2019-12-18', 'DOUTOR HERMELINDO 343','FESTIVAL DE SORVETE','01234567891238');
INSERT INTO EVENTOS(DATA, LOCAL, NOME, CENTRO) VALUES ('2022-02-05', 'DOUTOR HERMELINDO 343','BALA LOVE','01234567891239');

INSERT INTO ONG(CNPJ, CAUSA_SOCIAL) VALUES ('01234567891234', 'REABILITACAO E REINTEGRACAO SOCIAL');
INSERT INTO ONG(CNPJ, CAUSA_SOCIAL) VALUES ('01234567891235', 'INTEGRACAO DE PESSOAS EM SITUACAO DE RUA');


INSERT INTO FRENTE(NOME, CENTRO, TIPO, NRO_FUNCIONARIOS) 
    VALUES ('VASCO DA GAMA', '01234567891238', 'TESOURARIA', 41);
INSERT INTO FRENTE(NOME, CENTRO, TIPO, NRO_FUNCIONARIOS)   
    VALUES ('BAKUNIN', '01234567891238', 'COMUNICACAO', 23);
INSERT INTO FRENTE(NOME, CENTRO, TIPO, NRO_FUNCIONARIOS) 
    VALUES ('AURIVERDE', '01234567891238', 'REESTRUTURACAO PROFISSIONAL', 35);
INSERT INTO FRENTE(NOME, CENTRO, TIPO, NRO_FUNCIONARIOS)
    VALUES ('RUBRO-NEGRO', '01234567891238', 'REESTRUTURACAO SOCIAL', 16);
INSERT INTO FRENTE(NOME, CENTRO, TIPO, NRO_FUNCIONARIOS) 
    VALUES ('ZYZEK', '01234567891239', 'TESOURARIA', 17);
INSERT INTO FRENTE(NOME, CENTRO, TIPO, NRO_FUNCIONARIOS) 
    VALUES ('MATARAZZO', '01234567891239', 'COMUNICACAO', 13);
INSERT INTO FRENTE(NOME, CENTRO, TIPO, NRO_FUNCIONARIOS)
    VALUES ('BRUXELAS', '01234567891239', 'REESTRUTURACAO PROFISSIONAL', 35);
INSERT INTO FRENTE(NOME, CENTRO, TIPO, NRO_FUNCIONARIOS) 
    VALUES ('SANTA BARBARA', '01234567891239', 'REESTRUTURACAO SOCIAL', 16);
 
INSERT INTO REESTRUTURACAO_PROFISSIONAL(FRENTE, CENTRO) VALUES ('AURIVERDE', '01234567891238');
INSERT INTO REESTRUTURACAO_PROFISSIONAL(FRENTE, CENTRO) VALUES ('BRUXELAS', '01234567891239');

INSERT INTO REESTRUTURACAO_SOCIAL(FRENTE, CENTRO) VALUES ('RUBRO-NEGRO', '01234567891238');
INSERT INTO REESTRUTURACAO_SOCIAL(FRENTE, CENTRO) VALUES ('SANTA BARBARA', '01234567891239');

INSERT INTO TESOURARIA(FRENTE, CENTRO) VALUES ('VASCO DA GAMA', '01234567891238');
INSERT INTO TESOURARIA(FRENTE, CENTRO) VALUES ('ZYZEK', '01234567891239');

INSERT INTO COMUNICACAO(FRENTE, CENTRO) VALUES ('MATARAZZO', '01234567891239');
INSERT INTO COMUNICACAO(FRENTE, CENTRO) VALUES ('BAKUNIN', '01234567891238');

INSERT INTO AUXILIADO(CPF, NOME, DATA_NASC, SEXO, LOCAL, FRENTE, CENTRO) 
    VALUES ('14008134689', 'JOAO AUGUSTO FERNANDES BARBOSA', '2002-02-05','M', 'JARDIM LUTFALLA', 'ZYZEK', '01234567891239');
INSERT INTO AUXILIADO(CPF, NOME, DATA_NASC, SEXO, LOCAL, FRENTE, CENTRO) 
    VALUES ('17696847783', 'EMANUEL LACE ARANHA', '2000-12-01','M', 'EPISCOPAL', NULL, NULL);
INSERT INTO AUXILIADO(CPF, NOME, DATA_NASC, SEXO, LOCAL, FRENTE, CENTRO) 
    VALUES ('12345678913', 'HELIAS SALOMAO NETO', '2001-03-23', 'M', 'VALE DO RIO DOCE', 'VASCO DA GAMA', '01234567891238');
INSERT INTO AUXILIADO(CPF, NOME, DATA_NASC, SEXO, LOCAL, FRENTE, CENTRO) 
    VALUES ('12345678914', 'LIVIA YUN CHE', '2002-12-05', 'F', 'SOPHIA JORGE', 'ZYZEK', '01234567891239');
INSERT INTO AUXILIADO(CPF, NOME, DATA_NASC, SEXO, LOCAL, FRENTE, CENTRO) 
    VALUES ('12345678915', 'LETICIA MARQUESA', '2001-03-07', 'F', 'EPISCOPAL', 'VASCO DA GAMA', '01234567891238');
INSERT INTO AUXILIADO(CPF, NOME, DATA_NASC, SEXO, LOCAL, FRENTE, CENTRO) 
    VALUES ('12345678916', 'AMANDA PETRINI', '2001-04-15', 'F', 'JARDIM MACARENGO', 'ZYZEK', '01234567891239');




INSERT INTO HABILIDADES(AUXILIADO,EXPERIENCIA) VALUES ('17696847783','MALABARISTA');
INSERT INTO HABILIDADES(AUXILIADO,EXPERIENCIA) VALUES ('17696847783','EXCEL');
INSERT INTO HABILIDADES(AUXILIADO,EXPERIENCIA) VALUES ('14008134689','TIRO DE META');
INSERT INTO HABILIDADES(AUXILIADO,EXPERIENCIA) VALUES ('17696847783','BRIGA DE RUA');


INSERT INTO TIPO_AUXILIADO(CPF, TIPO) VALUES ('14008134689', 'DEPENDENTE_QUIMICO');
INSERT INTO TIPO_AUXILIADO(CPF, TIPO) VALUES ('17696847783', 'DEPENDENTE_QUIMICO');
INSERT INTO TIPO_AUXILIADO(CPF, TIPO) VALUES ('12345678913', 'DEPENDENTE_QUIMICO');
INSERT INTO TIPO_AUXILIADO(CPF, TIPO) VALUES ('12345678914', 'DEPENDENTE_QUIMICO');

INSERT INTO TIPO_AUXILIADO(CPF, TIPO) VALUES ('12345678915', 'MORADOR_DE_RUA');
INSERT INTO TIPO_AUXILIADO(CPF, TIPO) VALUES ('12345678916', 'MORADOR_DE_RUA');
INSERT INTO TIPO_AUXILIADO(CPF, TIPO) VALUES ('17696847783', 'MORADOR_DE_RUA');
INSERT INTO TIPO_AUXILIADO(CPF, TIPO) VALUES ('12345678913', 'MORADOR_DE_RUA');
INSERT INTO TIPO_AUXILIADO(CPF, TIPO) VALUES ('12345678914', 'MORADOR_DE_RUA');


INSERT INTO DEPENDENTE_QUIMICO(CPF) VALUES ('14008134689');
INSERT INTO DEPENDENTE_QUIMICO(CPF) VALUES ('17696847783');
INSERT INTO DEPENDENTE_QUIMICO(CPF) VALUES ('12345678913');
INSERT INTO DEPENDENTE_QUIMICO(CPF) VALUES ('12345678914');

INSERT INTO VICIOS_DEPENDENTE(CPF, VICIO) VALUES ('12345678914', 'ALCOOL');
INSERT INTO VICIOS_DEPENDENTE(CPF, VICIO) VALUES ('12345678913', 'CRACK');

INSERT INTO VICIOS_DEPENDENTE(CPF, VICIO) VALUES ('14008134689', 'NICOTINA');
INSERT INTO VICIOS_DEPENDENTE(CPF, VICIO) VALUES ('14008134689', 'AMAR');

INSERT INTO VICIOS_DEPENDENTE(CPF, VICIO) VALUES ('17696847783', 'HEROINA');
INSERT INTO VICIOS_DEPENDENTE(CPF, VICIO) VALUES ('17696847783', 'PENDRIVE');

INSERT INTO MORADOR_DE_RUA(CPF, ONG) VALUES ('17696847783', '01234567891235');
INSERT INTO MORADOR_DE_RUA(CPF, ONG) VALUES ('12345678913', '01234567891235');
INSERT INTO MORADOR_DE_RUA(CPF, ONG) VALUES ('12345678914', '01234567891234');
INSERT INTO MORADOR_DE_RUA(CPF, ONG) VALUES ('12345678915', '01234567891234');
INSERT INTO MORADOR_DE_RUA(CPF, ONG) VALUES ('12345678916', '01234567891235');

INSERT INTO CLINICA(CNPJ, NOME, NUMERO_FUNC, NUMERO_PACIENTES, NUMERO_MAX_PACIENTES) VALUES ('11111111111111', 'CLINICA NAO TO BEM', 10, 50, 100);
INSERT INTO CLINICA(CNPJ, NOME, NUMERO_FUNC, NUMERO_PACIENTES, NUMERO_MAX_PACIENTES) VALUES ('22222222222222', 'CLINICA TO MAL', 5, 10, 30);

INSERT INTO REABILITACAO(DEPENDENTE,FRENTE,CENTRO,DATA_REAB,PRESENCA,CLINICA)
    VALUES('14008134689','RUBRO-NEGRO','01234567891238','2021-03-06',0.37,'11111111111111');

INSERT INTO REABILITACAO(DEPENDENTE,FRENTE,CENTRO,DATA_REAB,PRESENCA,CLINICA)
    VALUES('17696847783','SANTA BARBARA','01234567891239','2019-03-10',0.70,'22222222222222');

INSERT INTO REABILITACAO(DEPENDENTE,FRENTE,CENTRO,DATA_REAB,PRESENCA,CLINICA)
    VALUES('12345678914','SANTA BARBARA','01234567891239','2019-03-10',0.70,'11111111111111');


INSERT INTO EMPRESAS_PARCEIRAS(CNPJ, NUFUNCIONARIOS, MAXFUNCIONARIOS) VALUES ('01234567891234', 53, 60);
INSERT INTO EMPRESAS_PARCEIRAS(CNPJ, NUFUNCIONARIOS, MAXFUNCIONARIOS) VALUES ('01234567891235', 7, 10);

INSERT INTO EMPREGO_SUPERVISIONADO(AUXILIADO, FRENTE, CENTRO, EMPRESA_PARCEIRA, LOCAL, DURACAO) 
VALUES ('14008134689', 'AURIVERDE', '01234567891238', '01234567891234', NULL, '2022-12-20');

INSERT INTO EMPREGO_SUPERVISIONADO(AUXILIADO, FRENTE, CENTRO, EMPRESA_PARCEIRA, LOCAL, DURACAO) 
VALUES ('17696847783', 'BRUXELAS', '01234567891239', '01234567891235', 'AV TRABALHADOR SAO CARLENSE 400, SAO CARLOS-SP', '2023-06-15');


INSERT INTO EMPREGO_SUPERVISIONADO(AUXILIADO, FRENTE, CENTRO, EMPRESA_PARCEIRA, LOCAL, DURACAO) 
VALUES ('12345678916', 'AURIVERDE', '01234567891238', '01234567891234', NULL, '2022-12-13');


INSERT INTO EMPREGO_SUPERVISIONADO(AUXILIADO, FRENTE, CENTRO, EMPRESA_PARCEIRA, LOCAL, DURACAO) 
VALUES ('12345678915', 'BRUXELAS', '01234567891239', '01234567891235', NULL, '2022-11-20');

