INSERT INTO TERCEIROS (NUCPFCNPJ,NOME,TIPO) VALUES ('01234567891','Bruno Mars','Pessoa Fisica');
INSERT INTO TERCEIROS (NUCPFCNPJ,NOME,TIPO) VALUES ('01234567892','Francisco Reis Nogueira','Pessoa Fisica');
INSERT INTO TERCEIROS (NUCPFCNPJ,NOME,TIPO) VALUES ('01234567893','Jason Derulo','Pessoa Fisica');
INSERT INTO TERCEIROS (NUCPFCNPJ,NOME,TIPO) VALUES ('01234567894','Melanie Martinez','Pessoa Fisica');
INSERT INTO TERCEIROS (NUCPFCNPJ,NOME,TIPO) VALUES ('01234567891234','Visagio','ONG');
INSERT INTO TERCEIROS (NUCPFCNPJ,NOME,TIPO) VALUES ('01234567891235','Convi','ONG');
INSERT INTO TERCEIROS (NUCPFCNPJ,NOME,TIPO) VALUES ('01234567891236','BTG Pactual','Empresa Parceira');
INSERT INTO TERCEIROS (NUCPFCNPJ,NOME,TIPO) VALUES ('01234567891237','QI TECH','Empresa Parceira');



INSERT INTO PESSOA_FISICA(CPF) VALUES ('01234567891')
INSERT INTO PESSOA_FISICA(CPF) VALUES ('01234567892')
INSERT INTO PESSOA_FISICA(CPF) VALUES ('01234567893')
INSERT INTO PESSOA_FISICA(CPF) VALUES ('01234567894')



INSERT INTO DOADOR(CPF) VALUES ('01234567891')
INSERT INTO DOADOR(CPF) VALUES ('01234567892')

INSERT INTO TIPO_PESSOA_FISICA(CPF,TIPOPF) VALUES ('01234567891','Doador')
INSERT INTO TIPO_PESSOA_FISICA(CPF,TIPOPF) VALUES ('01234567892','Doador')
INSERT INTO TIPO_PESSOA_FISICA(CPF,TIPOPF) VALUES ('01234567893','Funcionario')
INSERT INTO TIPO_PESSOA_FISICA(CPF,TIPOPF) VALUES ('01234567894','Funcionario')

INSERT INTO CENTRO()
INSERT INTO CENTRO()


INSERT INTO FUNCIONARIO(CPF,CENTRO_COMUNITARIO) VALUES('01234567893')
INSERT INTO FUNCIONARIO(CPF,CENTRO_COMUNITARIO) VALUES('01234567894')